Built,n,prop
3.4.0,191,0.5667655786350149
3.4.1,49,0.14540059347181009
3.4.2,39,0.11572700296735905
3.4.3,58,0.17210682492581603
